CREATE TABLE IF NOT EXISTS `Bank` (
  `id` int(1) NOT NULL AUTO_INCREMENT,
  `bankName` varchar(100) NOT NULL,
  `gateId` varchar(50) NOT NULL COMMENT '银行英文简称',
  PRIMARY KEY (`id`),
  UNIQUE KEY `gateId` (`gateId`)
) ENGINE=InnoDB  DEFAULT CHARSET=utf8;

INSERT INTO `Bank` (`id`, `bankName`, `gateId`) VALUES
(14, '东亚银行', 'BEA'),
(17, '深发展银行', 'SDB'),
(19, '天津银行', 'TCCB'),
(23, '河北银行', 'BHB'),
(24, '兰州银行', 'LZB'),
(100, '邮储银行', 'PSBC'),
(102, '工商银行', 'ICBC'),
(103, '农业银行', 'ABC'),
(104, '中国银行', 'BOC'),
(105, '建设银行', 'CCB'),
(301, '交通银行', 'COMM'),
(302, '中信银行', 'CITIC'),
(303, '光大银行', 'CEB'),
(304, '华夏银行', 'HXB'),
(305, '民生银行', 'CMBC'),
(306, '广发银行', 'GDB'),
(307, '平安银行', 'SPAB'),
(308, '招商银行', 'CMB'),
(309, '兴业银行', 'CIB'),
(310, '浦发银行', 'SPDB'),
(316, '浙商银行', 'CZSB'),
(403, '北京银行', 'BJB'),
(440, '徽商银行', 'HSB');

CREATE TABLE IF NOT EXISTS `BankCardBin` (
  `id` int(11) NOT NULL AUTO_INCREMENT,
  `cardBin` varchar(50) DEFAULT NULL COMMENT '卡号唯一判断数字',
  `cardType` varchar(20) NOT NULL COMMENT '卡类型',
  `bankId` int(11) DEFAULT NULL COMMENT '银行id',
  `binDigits` int(11) DEFAULT NULL COMMENT '判断长度',
  `cardDigits` int(11) NOT NULL COMMENT '卡长度',
  PRIMARY KEY (`id`),
  UNIQUE KEY `card_bin` (`cardBin`)
) ENGINE=InnoDB  DEFAULT CHARSET=utf8 AUTO_INCREMENT=1451 ;

INSERT INTO `BankCardBin` (`id`, `cardBin`, `cardType`, `bankId`, `binDigits`, `cardDigits`) VALUES
(1, '621098', '借记卡', 100, 6, 19),
(2, '622150', '借记卡', 100, 6, 19),
(3, '622151', '借记卡', 100, 6, 19),
(4, '622181', '借记卡', 100, 6, 19),
(5, '622188', '借记卡', 100, 6, 19),
(6, '955100', '借记卡', 100, 6, 19),
(7, '621095', '借记卡', 100, 6, 19),
(8, '620062', '借记卡', 100, 6, 19),
(9, '621285', '借记卡', 100, 6, 19),
(10, '621798', '借记卡', 100, 6, 19),
(11, '621799', '借记卡', 100, 6, 19),
(12, '621797', '借记卡', 100, 6, 19),
(13, '620529', '预付费卡', 100, 6, 19),
(14, '622199', '借记卡', 100, 6, 19),
(15, '621096', '借记卡', 100, 6, 19),
(16, '62215049', '借记卡', 100, 8, 19),
(17, '62215050', '借记卡', 100, 8, 19),
(18, '62215051', '借记卡', 100, 8, 19),
(19, '62218850', '借记卡', 100, 8, 19),
(20, '62218851', '借记卡', 100, 8, 19),
(21, '62218849', '借记卡', 100, 8, 19),
(22, '621622', '借记卡', 100, 6, 19),
(23, '623219', '借记卡', 100, 6, 19),
(24, '621674', '借记卡', 100, 6, 19),
(25, '623218', '借记卡', 100, 6, 19),
(26, '621599', '借记卡', 100, 6, 19),
(27, '622812', '贷记卡', 100, 6, 16),
(28, '622810', '贷记卡', 100, 6, 16),
(29, '622811', '贷记卡', 100, 6, 16),
(30, '628310', '贷记卡', 100, 6, 16),
(31, '625919', '贷记卡', 100, 6, 16),
(32, '370246', '贷记卡', 102, 6, 15),
(33, '370248', '贷记卡', 102, 6, 15),
(34, '370249', '贷记卡', 102, 6, 15),
(35, '427010', '贷记卡', 102, 6, 16),
(36, '427018', '贷记卡', 102, 6, 16),
(37, '427019', '贷记卡', 102, 6, 16),
(38, '427020', '贷记卡', 102, 6, 16),
(39, '427029', '贷记卡', 102, 6, 16),
(40, '427030', '贷记卡', 102, 6, 16),
(41, '427039', '贷记卡', 102, 6, 16),
(42, '370247', '贷记卡', 102, 6, 15),
(43, '438125', '贷记卡', 102, 6, 16),
(44, '438126', '贷记卡', 102, 6, 16),
(45, '451804', '贷记卡', 102, 6, 16),
(46, '451810', '贷记卡', 102, 6, 16),
(47, '451811', '贷记卡', 102, 6, 16),
(48, '45806', '贷记卡', 102, 5, 16),
(49, '458071', '贷记卡', 102, 6, 16),
(50, '489734', '贷记卡', 102, 6, 16),
(51, '489735', '贷记卡', 102, 6, 16),
(52, '489736', '贷记卡', 102, 6, 16),
(53, '510529', '贷记卡', 102, 6, 16),
(54, '427062', '贷记卡', 102, 6, 16),
(55, '524091', '贷记卡', 102, 6, 16),
(56, '427064', '贷记卡', 102, 6, 16),
(57, '530970', '贷记卡', 102, 6, 16),
(58, '53098', '贷记卡', 102, 5, 16),
(59, '530990', '贷记卡', 102, 6, 16),
(60, '558360', '贷记卡', 102, 6, 16),
(61, '620200', '借记卡', 102, 6, 18),
(62, '620302', '借记卡', 102, 6, 18),
(63, '620402', '借记卡', 102, 6, 18),
(64, '620403', '借记卡', 102, 6, 18),
(65, '620404', '借记卡', 102, 6, 18),
(66, '524047', '贷记卡', 102, 6, 16),
(67, '620406', '借记卡', 102, 6, 18),
(68, '620407', '借记卡', 102, 6, 18),
(69, '525498', '贷记卡', 102, 6, 16),
(70, '620409', '借记卡', 102, 6, 18),
(71, '620410', '借记卡', 102, 6, 18),
(72, '620411', '借记卡', 102, 6, 18),
(73, '620412', '借记卡', 102, 6, 18),
(74, '620502', '借记卡', 102, 6, 18),
(75, '620503', '借记卡', 102, 6, 18),
(76, '620405', '借记卡', 102, 6, 18),
(77, '620408', '借记卡', 102, 6, 18),
(78, '620512', '借记卡', 102, 6, 18),
(79, '620602', '借记卡', 102, 6, 18),
(80, '620604', '借记卡', 102, 6, 18),
(81, '620607', '借记卡', 102, 6, 18),
(82, '620611', '借记卡', 102, 6, 18),
(83, '620612', '借记卡', 102, 6, 18),
(84, '620704', '借记卡', 102, 6, 18),
(85, '620706', '借记卡', 102, 6, 18),
(86, '620707', '借记卡', 102, 6, 18),
(87, '620708', '借记卡', 102, 6, 18),
(88, '620709', '借记卡', 102, 6, 18),
(89, '620710', '借记卡', 102, 6, 18),
(90, '620609', '借记卡', 102, 6, 18),
(91, '620712', '借记卡', 102, 6, 18),
(92, '620713', '借记卡', 102, 6, 18),
(93, '620714', '借记卡', 102, 6, 18),
(94, '620802', '借记卡', 102, 6, 18),
(95, '620711', '借记卡', 102, 6, 18),
(96, '620904', '借记卡', 102, 6, 18),
(97, '620905', '借记卡', 102, 6, 18),
(98, '621001', '借记卡', 102, 6, 18),
(99, '620902', '借记卡', 102, 6, 18),
(100, '621103', '借记卡', 102, 6, 18),
(101, '621105', '借记卡', 102, 6, 18),
(102, '621106', '借记卡', 102, 6, 18),
(103, '621107', '借记卡', 102, 6, 18),
(104, '621102', '借记卡', 102, 6, 18),
(105, '621203', '借记卡', 102, 6, 18),
(106, '621204', '借记卡', 102, 6, 18),
(107, '621205', '借记卡', 102, 6, 18),
(108, '621206', '借记卡', 102, 6, 18),
(109, '621207', '借记卡', 102, 6, 18),
(110, '621208', '借记卡', 102, 6, 18),
(111, '621209', '借记卡', 102, 6, 18),
(112, '621210', '借记卡', 102, 6, 18),
(113, '621302', '借记卡', 102, 6, 18),
(114, '621303', '借记卡', 102, 6, 18),
(115, '621202', '借记卡', 102, 6, 18),
(116, '621305', '借记卡', 102, 6, 18),
(117, '621306', '借记卡', 102, 6, 18),
(118, '621307', '借记卡', 102, 6, 18),
(119, '621309', '借记卡', 102, 6, 18),
(120, '621311', '借记卡', 102, 6, 18),
(121, '621313', '借记卡', 102, 6, 18),
(122, '621211', '借记卡', 102, 6, 18),
(123, '621315', '借记卡', 102, 6, 18),
(124, '621304', '借记卡', 102, 6, 18),
(125, '621402', '借记卡', 102, 6, 18),
(126, '621404', '借记卡', 102, 6, 18),
(127, '621405', '借记卡', 102, 6, 18),
(128, '621406', '借记卡', 102, 6, 18),
(129, '621407', '借记卡', 102, 6, 18),
(130, '621408', '借记卡', 102, 6, 18),
(131, '621409', '借记卡', 102, 6, 18),
(132, '621410', '借记卡', 102, 6, 18),
(133, '621502', '借记卡', 102, 6, 18),
(134, '621317', '借记卡', 102, 6, 18),
(135, '621511', '借记卡', 102, 6, 18),
(136, '621602', '借记卡', 102, 6, 18),
(137, '621603', '借记卡', 102, 6, 18),
(138, '621604', '借记卡', 102, 6, 18),
(139, '621605', '借记卡', 102, 6, 18),
(140, '621608', '借记卡', 102, 6, 18),
(141, '621609', '借记卡', 102, 6, 18),
(142, '621610', '借记卡', 102, 6, 18),
(143, '621611', '借记卡', 102, 6, 18),
(144, '621612', '借记卡', 102, 6, 18),
(145, '621613', '借记卡', 102, 6, 18),
(146, '621614', '借记卡', 102, 6, 18),
(147, '621615', '借记卡', 102, 6, 18),
(148, '621616', '借记卡', 102, 6, 18),
(149, '621617', '借记卡', 102, 6, 18),
(150, '621607', '借记卡', 102, 6, 18),
(151, '621606', '借记卡', 102, 6, 18),
(152, '621804', '借记卡', 102, 6, 18),
(153, '621807', '借记卡', 102, 6, 18),
(154, '621813', '借记卡', 102, 6, 18),
(155, '621814', '借记卡', 102, 6, 18),
(156, '621817', '借记卡', 102, 6, 18),
(157, '621901', '借记卡', 102, 6, 18),
(158, '621904', '借记卡', 102, 6, 18),
(159, '621905', '借记卡', 102, 6, 18),
(160, '621906', '借记卡', 102, 6, 18),
(161, '621907', '借记卡', 102, 6, 18),
(162, '621908', '借记卡', 102, 6, 18),
(163, '621909', '借记卡', 102, 6, 18),
(164, '621910', '借记卡', 102, 6, 18),
(165, '621911', '借记卡', 102, 6, 18),
(166, '621912', '借记卡', 102, 6, 18),
(167, '621913', '借记卡', 102, 6, 18),
(168, '621915', '借记卡', 102, 6, 18),
(169, '622002', '借记卡', 102, 6, 18),
(170, '621903', '借记卡', 102, 6, 18),
(171, '622004', '借记卡', 102, 6, 18),
(172, '622005', '借记卡', 102, 6, 18),
(173, '622006', '借记卡', 102, 6, 18),
(174, '622007', '借记卡', 102, 6, 18),
(175, '622008', '借记卡', 102, 6, 18),
(176, '622010', '借记卡', 102, 6, 18),
(177, '622011', '借记卡', 102, 6, 18),
(178, '622012', '借记卡', 102, 6, 18),
(179, '621914', '借记卡', 102, 6, 18),
(180, '622015', '借记卡', 102, 6, 18),
(181, '622016', '借记卡', 102, 6, 18),
(182, '622003', '借记卡', 102, 6, 18),
(183, '622018', '借记卡', 102, 6, 18),
(184, '622019', '借记卡', 102, 6, 18),
(185, '622020', '借记卡', 102, 6, 18),
(186, '622102', '借记卡', 102, 6, 18),
(187, '622103', '借记卡', 102, 6, 18),
(188, '622104', '借记卡', 102, 6, 18),
(189, '622105', '借记卡', 102, 6, 18),
(190, '622013', '借记卡', 102, 6, 18),
(191, '622111', '借记卡', 102, 6, 18),
(192, '622114', '借记卡', 102, 6, 18),
(193, '622200', '借记卡', 102, 6, 19),
(194, '622017', '借记卡', 102, 6, 18),
(195, '622202', '借记卡', 102, 6, 19),
(196, '622203', '借记卡', 102, 6, 19),
(197, '622208', '借记卡', 102, 6, 19),
(198, '622210', '准贷记卡', 102, 6, 16),
(199, '622211', '准贷记卡', 102, 6, 16),
(200, '622212', '准贷记卡', 102, 6, 16),
(201, '622213', '准贷记卡', 102, 6, 16),
(202, '622214', '准贷记卡', 102, 6, 16),
(203, '622110', '借记卡', 102, 6, 18),
(204, '622220', '准贷记卡', 102, 6, 16),
(205, '622223', '准贷记卡', 102, 6, 16),
(206, '622225', '准贷记卡', 102, 6, 16),
(207, '622229', '准贷记卡', 102, 6, 16),
(208, '622230', '贷记卡', 102, 6, 16),
(209, '622231', '贷记卡', 102, 6, 16),
(210, '622232', '贷记卡', 102, 6, 16),
(211, '622233', '贷记卡', 102, 6, 16),
(212, '622234', '贷记卡', 102, 6, 16),
(213, '622235', '贷记卡', 102, 6, 16),
(214, '622237', '贷记卡', 102, 6, 16),
(215, '622215', '准贷记卡', 102, 6, 16),
(216, '622239', '贷记卡', 102, 6, 16),
(217, '622240', '贷记卡', 102, 6, 16),
(218, '622245', '贷记卡', 102, 6, 16),
(219, '622224', '准贷记卡', 102, 6, 16),
(220, '622303', '借记卡', 102, 6, 18),
(221, '622304', '借记卡', 102, 6, 18),
(222, '622305', '借记卡', 102, 6, 18),
(223, '622306', '借记卡', 102, 6, 18),
(224, '622307', '借记卡', 102, 6, 18),
(225, '622308', '借记卡', 102, 6, 18),
(226, '622309', '借记卡', 102, 6, 18),
(227, '622238', '贷记卡', 102, 6, 16),
(228, '622314', '借记卡', 102, 6, 18),
(229, '622315', '借记卡', 102, 6, 18),
(230, '622317', '借记卡', 102, 6, 18),
(231, '622302', '借记卡', 102, 6, 18),
(232, '622402', '借记卡', 102, 6, 18),
(233, '622403', '借记卡', 102, 6, 18),
(234, '622404', '借记卡', 102, 6, 18),
(235, '622313', '借记卡', 102, 6, 18),
(236, '622504', '借记卡', 102, 6, 18),
(237, '622505', '借记卡', 102, 6, 18),
(238, '622509', '借记卡', 102, 6, 18),
(239, '622513', '借记卡', 102, 6, 18),
(240, '622517', '借记卡', 102, 6, 18),
(241, '622502', '借记卡', 102, 6, 18),
(242, '622604', '借记卡', 102, 6, 18),
(243, '622605', '借记卡', 102, 6, 18),
(244, '622606', '借记卡', 102, 6, 18),
(245, '622510', '借记卡', 102, 6, 18),
(246, '622703', '借记卡', 102, 6, 18),
(247, '622715', '借记卡', 102, 6, 18),
(248, '622806', '借记卡', 102, 6, 18),
(249, '622902', '借记卡', 102, 6, 18),
(250, '622903', '借记卡', 102, 6, 18),
(251, '622706', '借记卡', 102, 6, 18),
(252, '623002', '借记卡', 102, 6, 18),
(253, '623006', '借记卡', 102, 6, 18),
(254, '623008', '借记卡', 102, 6, 18),
(255, '623011', '借记卡', 102, 6, 18),
(256, '623012', '借记卡', 102, 6, 18),
(257, '622904', '借记卡', 102, 6, 18),
(258, '623015', '借记卡', 102, 6, 18),
(259, '623100', '借记卡', 102, 6, 18),
(260, '623202', '借记卡', 102, 6, 18),
(261, '623301', '借记卡', 102, 6, 18),
(262, '623400', '借记卡', 102, 6, 18),
(263, '623500', '借记卡', 102, 6, 18),
(264, '623602', '借记卡', 102, 6, 18),
(265, '623803', '借记卡', 102, 6, 18),
(266, '623901', '借记卡', 102, 6, 18),
(267, '623014', '借记卡', 102, 6, 18),
(268, '624100', '借记卡', 102, 6, 18),
(269, '624200', '借记卡', 102, 6, 18),
(270, '624301', '借记卡', 102, 6, 18),
(271, '624402', '借记卡', 102, 6, 18),
(272, '62451804', '贷记卡', 102, 8, 16),
(273, '62451810', '贷记卡', 102, 8, 16),
(274, '62451811', '贷记卡', 102, 8, 16),
(275, '6245806', '贷记卡', 102, 7, 16),
(276, '62458071', '贷记卡', 102, 8, 16),
(277, '6253098', '贷记卡', 102, 7, 16),
(278, '623700', '借记卡', 102, 6, 18),
(279, '628288', '贷记卡', 102, 6, 16),
(280, '624000', '借记卡', 102, 6, 18),
(281, '9558', '借记卡', 102, 4, 19),
(282, '628286', '贷记卡', 102, 6, 16),
(283, '622206', '贷记卡', 102, 6, 16),
(284, '621225', '借记卡', 102, 6, 19),
(285, '526836', '贷记卡', 102, 6, 16),
(286, '513685', '贷记卡', 102, 6, 16),
(287, '543098', '贷记卡', 102, 6, 16),
(288, '458441', '贷记卡', 102, 6, 16),
(289, '620058', '借记卡', 102, 6, 19),
(290, '621281', '借记卡', 102, 6, 19),
(291, '622246', '贷记卡', 102, 6, 16),
(292, '900000', '借记卡', 102, 6, 19),
(293, '544210', '贷记卡', 102, 6, 16),
(294, '548943', '贷记卡', 102, 6, 16),
(295, '370267', '贷记卡', 102, 6, 15),
(296, '621558', '借记卡', 102, 6, 19),
(297, '621559', '借记卡', 102, 6, 19),
(298, '621722', '借记卡', 102, 6, 19),
(299, '621723', '借记卡', 102, 6, 19),
(300, '620086', '借记卡', 102, 6, 19),
(301, '621226', '借记卡', 102, 6, 19),
(302, '402791', '借记卡', 102, 6, 16),
(303, '427028', '借记卡', 102, 6, 16),
(304, '427038', '借记卡', 102, 6, 16),
(305, '548259', '借记卡', 102, 6, 16),
(306, '356879', '贷记卡', 102, 6, 16),
(307, '356880', '贷记卡', 102, 6, 16),
(308, '356881', '贷记卡', 102, 6, 16),
(309, '356882', '贷记卡', 102, 6, 16),
(310, '528856', '贷记卡', 102, 6, 16),
(311, '621618', '借记卡', 102, 6, 19),
(312, '620516', '借记卡', 102, 6, 19),
(313, '621227', '借记卡', 102, 6, 19),
(314, '621721', '借记卡', 102, 6, 19),
(315, '900010', '借记卡', 102, 6, 19),
(316, '625330', '贷记卡', 102, 6, 16),
(317, '625331', '贷记卡', 102, 6, 16),
(318, '625332', '贷记卡', 102, 6, 16),
(319, '623062', '借记卡', 102, 6, 19),
(320, '622236', '贷记卡', 102, 6, 16),
(321, '621670', '借记卡', 102, 6, 19),
(322, '524374', '贷记卡', 102, 6, 16),
(323, '550213', '贷记卡', 102, 6, 16),
(324, '374738', '贷记卡', 102, 6, 15),
(325, '374739', '贷记卡', 102, 6, 15),
(326, '621288', '借记卡', 102, 6, 19),
(327, '625708', '贷记卡', 102, 6, 16),
(328, '625709', '贷记卡', 102, 6, 16),
(329, '622597', '贷记卡', 102, 6, 16),
(330, '622599', '贷记卡', 102, 6, 16),
(331, '360883', '贷记卡', 102, 6, 14),
(332, '360884', '贷记卡', 102, 6, 14),
(333, '625865', '贷记卡', 102, 6, 16),
(334, '625866', '贷记卡', 102, 6, 16),
(335, '625899', '贷记卡', 102, 6, 16),
(336, '625929', '贷记卡', 102, 6, 16),
(337, '621376', '借记卡', 102, 6, 16),
(338, '620054', '预付费卡', 102, 6, 16),
(339, '620142', '预付费卡', 102, 6, 16),
(340, '621423', '借记卡', 102, 6, 16),
(341, '625927', '贷记卡', 102, 6, 16),
(342, '621428', '借记卡', 102, 6, 16),
(343, '625939', '贷记卡', 102, 6, 16),
(344, '621434', '借记卡', 102, 6, 16),
(345, '625987', '贷记卡', 102, 6, 16),
(346, '621761', '借记卡', 102, 6, 16),
(347, '621749', '借记卡', 102, 6, 16),
(348, '620184', '预付费卡', 102, 6, 16),
(349, '625930', '贷记卡', 102, 6, 16),
(350, '621300', '借记卡', 102, 6, 16),
(351, '621378', '借记卡', 102, 6, 16),
(352, '625114', '贷记卡', 102, 6, 16),
(353, '622159', '贷记卡', 102, 6, 16),
(354, '621720', '借记卡', 102, 6, 19),
(355, '625021', '贷记卡', 102, 6, 16),
(356, '625022', '贷记卡', 102, 6, 16),
(357, '621379', '借记卡', 102, 6, 19),
(358, '620114', '预付费卡', 102, 6, 19),
(359, '620146', '预付费卡', 102, 6, 19),
(360, '622889', '贷记卡', 102, 6, 16),
(361, '625900', '贷记卡', 102, 6, 16),
(362, '622949', '借记卡', 102, 6, 16),
(363, '625915', '贷记卡', 102, 6, 16),
(364, '625916', '贷记卡', 102, 6, 16),
(365, '620030', '预付费卡', 102, 6, 16),
(366, '620050', '预付费卡', 102, 6, 16),
(367, '622944', '借记卡', 102, 6, 16),
(368, '625115', '贷记卡', 102, 6, 16),
(369, '620101', '预付费卡', 102, 6, 16),
(370, '623335', '预付费卡', 102, 6, 16),
(371, '622171', '贷记卡', 102, 6, 16),
(372, '621240', '借记卡', 102, 6, 19),
(373, '621724', '借记卡', 102, 6, 19),
(374, '621762', '借记卡', 102, 6, 19),
(375, '625918', '贷记卡', 102, 6, 16),
(376, '625113', '贷记卡', 102, 6, 16),
(377, '621371', '借记卡', 102, 6, 16),
(378, '620143', '预付费卡', 102, 6, 16),
(379, '620149', '预付费卡', 102, 6, 16),
(380, '621730', '借记卡', 102, 6, 16),
(381, '625928', '贷记卡', 102, 6, 16),
(382, '621414', '借记卡', 102, 6, 19),
(383, '625914', '贷记卡', 102, 6, 16),
(384, '621375', '借记卡', 102, 6, 19),
(385, '620187', '预付费卡', 102, 6, 19),
(386, '621734', '借记卡', 102, 6, 16),
(387, '621433', '借记卡', 102, 6, 16),
(388, '625986', '贷记卡', 102, 6, 16),
(389, '621370', '借记卡', 102, 6, 16),
(390, '625925', '贷记卡', 102, 6, 16),
(391, '622926', '借记卡', 102, 6, 19),
(392, '622927', '借记卡', 102, 6, 19),
(393, '622928', '借记卡', 102, 6, 19),
(394, '622929', '借记卡', 102, 6, 19),
(395, '622930', '借记卡', 102, 6, 19),
(396, '622931', '借记卡', 102, 6, 19),
(397, '621733', '借记卡', 102, 6, 19),
(398, '621732', '借记卡', 102, 6, 19),
(399, '620124', '预付费卡', 102, 6, 16),
(400, '620183', '预付费卡', 102, 6, 16),
(401, '620561', '预付费卡', 102, 6, 16),
(402, '625116', '贷记卡', 102, 6, 16),
(403, '622227', '贷记卡', 102, 6, 16),
(404, '625921', '贷记卡', 102, 6, 16),
(405, '625926', '贷记卡', 102, 6, 16),
(406, '621372', '借记卡', 102, 6, 19),
(407, '621464', '借记卡', 102, 6, 16),
(408, '625942', '贷记卡', 102, 6, 16),
(409, '622158', '贷记卡', 102, 6, 16),
(410, '625917', '贷记卡', 102, 6, 16),
(411, '621765', '借记卡', 102, 6, 16),
(412, '620094', '预付费卡', 102, 6, 16),
(413, '620186', '预付费卡', 102, 6, 16),
(414, '621719', '借记卡', 102, 6, 16),
(415, '625922', '贷记卡', 102, 6, 16),
(416, '621750', '借记卡', 102, 6, 16),
(417, '625933', '贷记卡', 102, 6, 16),
(418, '621377', '借记卡', 102, 6, 16),
(419, '620148', '预付费卡', 102, 6, 16),
(420, '620185', '预付费卡', 102, 6, 16),
(421, '625924', '贷记卡', 102, 6, 16),
(422, '621374', '借记卡', 102, 6, 16),
(423, '621731', '借记卡', 102, 6, 16),
(424, '621781', '借记卡', 102, 6, 16),
(425, '625017', '贷记卡', 102, 6, 16),
(426, '625018', '贷记卡', 102, 6, 16),
(427, '625019', '贷记卡', 102, 6, 16),
(428, '103', '借记卡', 103, 3, 19),
(429, '552599', '贷记卡', 103, 6, 16),
(430, '6349102', '准贷记卡', 103, 7, 16),
(431, '6353591', '准贷记卡', 103, 7, 16),
(432, '623206', '借记卡', 103, 6, 19),
(433, '621671', '借记卡', 103, 6, 19),
(434, '620059', '借记卡', 103, 6, 19),
(435, '403361', '贷记卡', 103, 6, 16),
(436, '404117', '贷记卡', 103, 6, 16),
(437, '404118', '贷记卡', 103, 6, 16),
(438, '404119', '贷记卡', 103, 6, 16),
(439, '404120', '贷记卡', 103, 6, 16),
(440, '404121', '贷记卡', 103, 6, 16),
(441, '463758', '贷记卡', 103, 6, 16),
(442, '49102', '准贷记卡', 103, 5, 16),
(443, '514027', '贷记卡', 103, 6, 16),
(444, '519412', '贷记卡', 103, 6, 16),
(445, '519413', '贷记卡', 103, 6, 16),
(446, '520082', '贷记卡', 103, 6, 16),
(447, '520083', '贷记卡', 103, 6, 16),
(448, '53591', '准贷记卡', 103, 5, 16),
(449, '558730', '贷记卡', 103, 6, 16),
(450, '621282', '借记卡', 103, 6, 19),
(451, '621336', '借记卡', 103, 6, 19),
(452, '621619', '借记卡', 103, 6, 19),
(453, '622821', '借记卡', 103, 6, 19),
(454, '622822', '借记卡', 103, 6, 19),
(455, '622823', '借记卡', 103, 6, 19),
(456, '622824', '借记卡', 103, 6, 19),
(457, '622825', '借记卡', 103, 6, 19),
(458, '622826', '借记卡', 103, 6, 19),
(459, '622827', '借记卡', 103, 6, 19),
(460, '622828', '借记卡', 103, 6, 19),
(461, '622836', '贷记卡', 103, 6, 16),
(462, '622837', '贷记卡', 103, 6, 16),
(463, '622840', '借记卡', 103, 6, 19),
(464, '622841', '借记卡', 103, 6, 19),
(465, '622843', '借记卡', 103, 6, 19),
(466, '622844', '借记卡', 103, 6, 19),
(467, '622845', '借记卡', 103, 6, 19),
(468, '622846', '借记卡', 103, 6, 19),
(469, '622847', '借记卡', 103, 6, 19),
(470, '622848', '借记卡', 103, 6, 19),
(471, '622849', '借记卡', 103, 6, 19),
(472, '623018', '借记卡', 103, 6, 19),
(473, '625996', '贷记卡', 103, 6, 16),
(474, '625997', '贷记卡', 103, 6, 16),
(475, '625998', '贷记卡', 103, 6, 16),
(476, '628268', '贷记卡', 103, 6, 16),
(477, '95595', '借记卡', 103, 5, 19),
(478, '95596', '借记卡', 103, 5, 19),
(479, '95597', '借记卡', 103, 5, 19),
(480, '95598', '借记卡', 103, 5, 19),
(481, '95599', '借记卡', 103, 5, 19),
(482, '625826', '贷记卡', 103, 6, 16),
(483, '625827', '贷记卡', 103, 6, 16),
(484, '548478', '贷记卡', 103, 6, 16),
(485, '544243', '贷记卡', 103, 6, 16),
(486, '622820', '准贷记卡', 103, 6, 16),
(487, '622830', '准贷记卡', 103, 6, 16),
(488, '622838', '贷记卡', 103, 6, 16),
(489, '625336', '贷记卡', 103, 6, 16),
(490, '628269', '贷记卡', 103, 6, 16),
(491, '620501', '借记卡', 103, 6, 19),
(492, '621660', '借记卡', 104, 6, 19),
(493, '621661', '借记卡', 104, 6, 19),
(494, '621662', '借记卡', 104, 6, 19),
(495, '621663', '借记卡', 104, 6, 19),
(496, '621665', '借记卡', 104, 6, 19),
(497, '621667', '借记卡', 104, 6, 19),
(498, '621668', '借记卡', 104, 6, 19),
(499, '621669', '借记卡', 104, 6, 19),
(500, '621666', '借记卡', 104, 6, 19),
(501, '625908', '贷记卡', 104, 6, 16),
(502, '625910', '贷记卡', 104, 6, 16),
(503, '625909', '贷记卡', 104, 6, 16),
(504, '356833', '贷记卡', 104, 6, 16),
(505, '356835', '贷记卡', 104, 6, 16),
(506, '409665', '贷记卡', 104, 6, 16),
(507, '409666', '贷记卡', 104, 6, 16),
(508, '409668', '贷记卡', 104, 6, 16),
(509, '409669', '贷记卡', 104, 6, 16),
(510, '409670', '贷记卡', 104, 6, 16),
(511, '409671', '贷记卡', 104, 6, 16),
(512, '409672', '贷记卡', 104, 6, 16),
(513, '456351', '借记卡', 104, 6, 19),
(514, '512315', '贷记卡', 104, 6, 16),
(515, '512316', '贷记卡', 104, 6, 16),
(516, '512411', '贷记卡', 104, 6, 16),
(517, '512412', '贷记卡', 104, 6, 16),
(518, '514957', '贷记卡', 104, 6, 16),
(519, '409667', '贷记卡', 104, 6, 16),
(520, '518378', '准贷记卡', 104, 6, 16),
(521, '518379', '准贷记卡', 104, 6, 16),
(522, '518474', '准贷记卡', 104, 6, 16),
(523, '518475', '准贷记卡', 104, 6, 16),
(524, '518476', '准贷记卡', 104, 6, 16),
(525, '438088', '贷记卡', 104, 6, 16),
(526, '524865', '准贷记卡', 104, 6, 16),
(527, '525745', '准贷记卡', 104, 6, 16),
(528, '525746', '准贷记卡', 104, 6, 16),
(529, '547766', '准贷记卡', 104, 6, 16),
(530, '552742', '贷记卡', 104, 6, 16),
(531, '553131', '贷记卡', 104, 6, 16),
(532, '558868', '准贷记卡', 104, 6, 16),
(533, '514958', '贷记卡', 104, 6, 16),
(534, '622752', '准贷记卡', 104, 6, 16),
(535, '622753', '准贷记卡', 104, 6, 16),
(536, '622755', '准贷记卡', 104, 6, 16),
(537, '524864', '准贷记卡', 104, 6, 16),
(538, '622757', '准贷记卡', 104, 6, 16),
(539, '622758', '准贷记卡', 104, 6, 16),
(540, '622759', '准贷记卡', 104, 6, 16),
(541, '622760', '贷记卡', 104, 6, 16),
(542, '622761', '准贷记卡', 104, 6, 16),
(543, '622762', '准贷记卡', 104, 6, 16),
(544, '622763', '准贷记卡', 104, 6, 16),
(545, '601382', '借记卡', 104, 6, 19),
(546, '622756', '准贷记卡', 104, 6, 16),
(547, '628388', '贷记卡', 104, 6, 16),
(548, '621256', '借记卡', 104, 6, 19),
(549, '621212', '借记卡', 104, 6, 19),
(550, '620514', '预付费卡', 104, 6, 16),
(551, '622754', '准贷记卡', 104, 6, 16),
(552, '622764', '准贷记卡', 104, 6, 16),
(553, '518377', '贷记卡', 104, 6, 16),
(554, '622765', '准贷记卡', 104, 6, 16),
(555, '622788', '贷记卡', 104, 6, 16),
(556, '621283', '借记卡', 104, 6, 19),
(557, '620061', '借记卡', 104, 6, 19),
(558, '621725', '借记卡', 104, 6, 19),
(559, '620040', '预付费卡', 104, 6, 19),
(560, '558869', '准贷记卡', 104, 6, 16),
(561, '621330', '借记卡', 104, 6, 19),
(562, '621331', '借记卡', 104, 6, 19),
(563, '621332', '借记卡', 104, 6, 19),
(564, '621333', '借记卡', 104, 6, 19),
(565, '621297', '借记卡', 104, 6, 19),
(566, '377677', '准贷记卡', 104, 6, 15),
(567, '621568', '借记卡', 104, 6, 19),
(568, '621569', '借记卡', 104, 6, 19),
(569, '625905', '准贷记卡', 104, 6, 16),
(570, '625906', '准贷记卡', 104, 6, 16),
(571, '625907', '准贷记卡', 104, 6, 16),
(572, '628313', '贷记卡', 104, 6, 16),
(573, '625333', '准贷记卡', 104, 6, 16),
(574, '628312', '贷记卡', 104, 6, 16),
(575, '623208', '借记卡', 104, 6, 19),
(576, '621620', '借记卡', 104, 6, 19),
(577, '621756', '借记卡', 104, 6, 19),
(578, '621757', '借记卡', 104, 6, 19),
(579, '621758', '借记卡', 104, 6, 19),
(580, '621759', '借记卡', 104, 6, 19),
(581, '621785', '借记卡', 104, 6, 19),
(582, '621786', '借记卡', 104, 6, 19),
(583, '621787', '借记卡', 104, 6, 19),
(584, '621788', '借记卡', 104, 6, 19),
(585, '621789', '借记卡', 104, 6, 19),
(586, '621790', '借记卡', 104, 6, 19),
(587, '621672', '借记卡', 104, 6, 19),
(588, '625337', '准贷记卡', 104, 6, 16),
(589, '625338', '准贷记卡', 104, 6, 16),
(590, '625568', '准贷记卡', 104, 6, 16),
(591, '620025', '预付费卡', 104, 6, 16),
(592, '620026', '预付费卡', 104, 6, 16),
(593, '621293', '借记卡', 104, 6, 16),
(594, '621294', '借记卡', 104, 6, 16),
(595, '621342', '借记卡', 104, 6, 16),
(596, '621343', '借记卡', 104, 6, 16),
(597, '621364', '借记卡', 104, 6, 16),
(598, '621394', '借记卡', 104, 6, 16),
(599, '621648', '借记卡', 104, 6, 16),
(600, '621248', '借记卡', 104, 6, 16),
(601, '621249', '借记卡', 104, 6, 16),
(602, '622750', '贷记卡', 104, 6, 16),
(603, '622751', '贷记卡', 104, 6, 16),
(604, '622771', '借记卡', 104, 6, 19),
(605, '622772', '借记卡', 104, 6, 19),
(606, '622770', '借记卡', 104, 6, 19),
(607, '625145', '贷记卡', 104, 6, 16),
(608, '620531', '预付费卡', 104, 6, 19),
(609, '620210', '预付费卡', 104, 6, 16),
(610, '620211', '预付费卡', 104, 6, 16),
(611, '622479', '贷记卡', 104, 6, 16),
(612, '622480', '贷记卡', 104, 6, 16),
(613, '622273', '借记卡', 104, 6, 19),
(614, '622274', '借记卡', 104, 6, 19),
(615, '620019', '预付费卡', 104, 6, 16),
(616, '620035', '预付费卡', 104, 6, 16),
(617, '621231', '借记卡', 104, 6, 16),
(618, '621638', '借记卡', 104, 6, 16),
(619, '621334', '借记卡', 104, 6, 16),
(620, '625140', '贷记卡', 104, 6, 16),
(621, '621395', '借记卡', 104, 6, 16),
(622, '621741', '借记卡', 104, 6, 19),
(623, '623040', '借记卡', 104, 6, 16),
(624, '620202', '预付费卡', 104, 6, 16),
(625, '620203', '预付费卡', 104, 6, 16),
(626, '625136', '贷记卡', 104, 6, 16),
(627, '621782', '借记卡', 104, 6, 19),
(628, '623309', '借记卡', 104, 6, 19),
(629, '622346', '贷记卡', 104, 6, 16),
(630, '622347', '贷记卡', 104, 6, 16),
(631, '622348', '借记卡', 104, 6, 16),
(632, '621041', '借记卡', 104, 6, 19),
(633, '5453242', '贷记卡', 105, 7, 18),
(634, '5491031', '贷记卡', 105, 7, 18),
(635, '5544033', '贷记卡', 105, 7, 18),
(636, '622725', '准贷记卡', 105, 6, 16),
(637, '622728', '准贷记卡', 105, 6, 16),
(638, '621284', '借记卡', 105, 6, 19),
(639, '421349', '借记卡', 105, 6, 16),
(640, '434061', '借记卡', 105, 6, 16),
(641, '434062', '借记卡', 105, 6, 16),
(642, '436728', '准贷记卡', 105, 6, 16),
(643, '436742', '借记卡', 105, 6, 19),
(644, '453242', '准贷记卡', 105, 6, 16),
(645, '491031', '准贷记卡', 105, 6, 16),
(646, '524094', '借记卡', 105, 6, 16),
(647, '526410', '借记卡', 105, 6, 16),
(648, '53242', '准贷记卡', 105, 5, 16),
(649, '53243', '准贷记卡', 105, 5, 16),
(650, '544033', '准贷记卡', 105, 6, 16),
(651, '552245', '借记卡', 105, 6, 16),
(652, '589970', '借记卡', 105, 6, 19),
(653, '620060', '借记卡', 105, 6, 19),
(654, '621080', '借记卡', 105, 6, 16),
(655, '621081', '借记卡', 105, 6, 19),
(656, '621466', '借记卡', 105, 6, 16),
(657, '621467', '借记卡', 105, 6, 19),
(658, '621488', '借记卡', 105, 6, 16),
(659, '621499', '借记卡', 105, 6, 16),
(660, '621598', '借记卡', 105, 6, 19),
(661, '621621', '借记卡', 105, 6, 19),
(662, '621700', '借记卡', 105, 6, 19),
(663, '622280', '借记卡', 105, 6, 19),
(664, '622700', '借记卡', 105, 6, 19),
(665, '622707', '准贷记卡', 105, 6, 16),
(666, '622966', '借记卡', 105, 6, 16),
(667, '622988', '借记卡', 105, 6, 16),
(668, '625955', '准贷记卡', 105, 6, 16),
(669, '625956', '准贷记卡', 105, 6, 16),
(670, '553242', '贷记卡', 105, 6, 18),
(671, '621082', '借记卡', 105, 6, 16),
(672, '621673', '借记卡', 105, 6, 19),
(673, '623211', '借记卡', 105, 6, 19),
(674, '436742193', '借记卡', 105, 9, 19),
(675, '622280193', '借记卡', 105, 9, 19),
(676, '356896', '贷记卡', 105, 6, 16),
(677, '356899', '贷记卡', 105, 6, 16),
(678, '356895', '贷记卡', 105, 6, 16),
(679, '436718', '贷记卡', 105, 6, 16),
(680, '436738', '贷记卡', 105, 6, 16),
(681, '436745', '贷记卡', 105, 6, 16),
(682, '436748', '贷记卡', 105, 6, 16),
(683, '489592', '贷记卡', 105, 6, 16),
(684, '531693', '贷记卡', 105, 6, 16),
(685, '532450', '贷记卡', 105, 6, 16),
(686, '532458', '贷记卡', 105, 6, 16),
(687, '544887', '贷记卡', 105, 6, 16),
(688, '552801', '贷记卡', 105, 6, 16),
(689, '557080', '贷记卡', 105, 6, 16),
(690, '558895', '贷记卡', 105, 6, 16),
(691, '559051', '贷记卡', 105, 6, 16),
(692, '622166', '贷记卡', 105, 6, 16),
(693, '622168', '贷记卡', 105, 6, 16),
(694, '622708', '贷记卡', 105, 6, 16),
(695, '625964', '贷记卡', 105, 6, 16),
(696, '625965', '贷记卡', 105, 6, 16),
(697, '625966', '贷记卡', 105, 6, 16),
(698, '628266', '贷记卡', 105, 6, 16),
(699, '628366', '贷记卡', 105, 6, 16),
(700, '625362', '贷记卡', 105, 6, 16),
(701, '625363', '贷记卡', 105, 6, 16),
(702, '628316', '贷记卡', 105, 6, 16),
(703, '628317', '贷记卡', 105, 6, 16),
(704, '622381', '贷记卡', 105, 6, 16),
(705, '622675', '贷记卡', 105, 6, 16),
(706, '622676', '贷记卡', 105, 6, 16),
(707, '622677', '贷记卡', 105, 6, 16),
(708, '622382', '借记卡', 105, 6, 16),
(709, '621487', '借记卡', 105, 6, 16),
(710, '621083', '借记卡', 105, 6, 16),
(711, '621084', '借记卡', 105, 6, 16),
(712, '620107', '借记卡', 105, 6, 16),
(713, '623251', '借记卡', 105, 6, 16),
(714, '620021', '预付费卡', 301, 6, 19),
(715, '620521', '预付费卡', 301, 6, 19),
(716, '00405512', '借记卡', 301, 8, 17),
(717, '0049104', '贷记卡', 301, 7, 16),
(718, '0053783', '贷记卡', 301, 7, 16),
(719, '00601428', '借记卡', 301, 8, 17),
(720, '405512', '借记卡', 301, 6, 17),
(721, '434910', '贷记卡', 301, 6, 16),
(722, '458123', '贷记卡', 301, 6, 16),
(723, '458124', '贷记卡', 301, 6, 16),
(724, '49104', '贷记卡', 301, 5, 16),
(725, '520169', '贷记卡', 301, 6, 16),
(726, '522964', '贷记卡', 301, 6, 16),
(727, '53783', '贷记卡', 301, 5, 16),
(728, '552853', '贷记卡', 301, 6, 16),
(729, '601428', '借记卡', 301, 6, 17),
(730, '622250', '贷记卡', 301, 6, 16),
(731, '622251', '贷记卡', 301, 6, 16),
(732, '521899', '贷记卡', 301, 6, 16),
(733, '622254', '准贷记卡', 301, 6, 16),
(734, '622255', '准贷记卡', 301, 6, 16),
(735, '622256', '准贷记卡', 301, 6, 16),
(736, '622257', '准贷记卡', 301, 6, 16),
(737, '622258', '借记卡', 301, 6, 17),
(738, '622259', '借记卡', 301, 6, 17),
(739, '622253', '贷记卡', 301, 6, 16),
(740, '622261', '借记卡', 301, 6, 19),
(741, '622284', '准贷记卡', 301, 6, 16),
(742, '622656', '贷记卡', 301, 6, 16),
(743, '628216', '贷记卡', 301, 6, 16),
(744, '622252', '贷记卡', 301, 6, 16),
(745, '66405512', '借记卡', 301, 8, 17),
(746, '6649104', '贷记卡', 301, 7, 16),
(747, '622260', '借记卡', 301, 6, 19),
(748, '66601428', '借记卡', 301, 8, 17),
(749, '955590', '贷记卡', 301, 6, 16),
(750, '955591', '贷记卡', 301, 6, 16),
(751, '955592', '贷记卡', 301, 6, 16),
(752, '955593', '贷记卡', 301, 6, 16),
(753, '6653783', '贷记卡', 301, 7, 16),
(754, '628218', '贷记卡', 301, 6, 16),
(755, '622262', '借记卡', 301, 6, 19),
(756, '621069', '借记卡', 301, 6, 19),
(757, '620013', '借记卡', 301, 6, 16),
(758, '625028', '贷记卡', 301, 6, 16),
(759, '625029', '贷记卡', 301, 6, 16),
(760, '621436', '借记卡', 301, 6, 19),
(761, '621002', '借记卡', 301, 6, 19),
(762, '621335', '借记卡', 301, 6, 19),
(763, '433670', '借记卡', 302, 6, 16),
(764, '433680', '借记卡', 302, 6, 16),
(765, '442729', '借记卡', 302, 6, 16),
(766, '442730', '借记卡', 302, 6, 16),
(767, '620082', '借记卡', 302, 6, 16),
(768, '622690', '借记卡', 302, 6, 16),
(769, '622691', '借记卡', 302, 6, 16),
(770, '622692', '借记卡', 302, 6, 16),
(771, '622696', '借记卡', 302, 6, 16),
(772, '622698', '借记卡', 302, 6, 16),
(773, '622998', '借记卡', 302, 6, 16),
(774, '622999', '借记卡', 302, 6, 16),
(775, '433671', '借记卡', 302, 6, 16),
(776, '968807', '借记卡', 302, 6, 16),
(777, '968808', '借记卡', 302, 6, 16),
(778, '968809', '借记卡', 302, 6, 16),
(779, '621771', '借记卡', 302, 6, 16),
(780, '621767', '借记卡', 302, 6, 16),
(781, '621768', '借记卡', 302, 6, 16),
(782, '621770', '借记卡', 302, 6, 16),
(783, '621772', '借记卡', 302, 6, 16),
(784, '621773', '借记卡', 302, 6, 16),
(785, '620527', '借记卡', 302, 6, 19),
(786, '376968', '贷记卡', 302, 6, 15),
(787, '376969', '贷记卡', 302, 6, 15),
(788, '400360', '贷记卡', 302, 6, 16),
(789, '403391', '贷记卡', 302, 6, 16),
(790, '403392', '贷记卡', 302, 6, 16),
(791, '376966', '贷记卡', 302, 6, 15),
(792, '404158', '贷记卡', 302, 6, 16),
(793, '404159', '贷记卡', 302, 6, 16),
(794, '404171', '贷记卡', 302, 6, 16),
(795, '404172', '贷记卡', 302, 6, 16),
(796, '404173', '贷记卡', 302, 6, 16),
(797, '404174', '贷记卡', 302, 6, 16),
(798, '404157', '贷记卡', 302, 6, 16),
(799, '433667', '贷记卡', 302, 6, 16),
(800, '433668', '贷记卡', 302, 6, 16),
(801, '433669', '贷记卡', 302, 6, 16),
(802, '514906', '贷记卡', 302, 6, 16),
(803, '403393', '贷记卡', 302, 6, 16),
(804, '520108', '贷记卡', 302, 6, 16),
(805, '433666', '贷记卡', 302, 6, 16),
(806, '558916', '贷记卡', 302, 6, 16),
(807, '622678', '贷记卡', 302, 6, 16),
(808, '622679', '贷记卡', 302, 6, 16),
(809, '622680', '贷记卡', 302, 6, 16),
(810, '622688', '贷记卡', 302, 6, 16),
(811, '622689', '贷记卡', 302, 6, 16),
(812, '628206', '贷记卡', 302, 6, 16),
(813, '556617', '贷记卡', 302, 6, 16),
(814, '628209', '贷记卡', 302, 6, 16),
(815, '518212', '贷记卡', 302, 6, 16),
(816, '628208', '贷记卡', 302, 6, 16),
(817, '356390', '贷记卡', 302, 6, 16),
(818, '356391', '贷记卡', 302, 6, 16),
(819, '356392', '贷记卡', 302, 6, 16),
(820, '622916', '贷记卡', 302, 6, 16),
(821, '622918', '贷记卡', 302, 6, 16),
(822, '622919', '贷记卡', 302, 6, 16),
(823, '628370', '贷记卡', 302, 6, 16),
(824, '628371', '贷记卡', 302, 6, 16),
(825, '628372', '贷记卡', 302, 6, 16),
(826, '303', '借记卡', 303, 3, 16),
(827, '356837', '贷记卡', 303, 6, 16),
(828, '356838', '贷记卡', 303, 6, 16),
(829, '486497', '贷记卡', 303, 6, 16),
(830, '622660', '借记卡', 303, 6, 16),
(831, '622662', '借记卡', 303, 6, 16),
(832, '622663', '借记卡', 303, 6, 16),
(833, '622664', '借记卡', 303, 6, 16),
(834, '622665', '借记卡', 303, 6, 16),
(835, '622666', '借记卡', 303, 6, 16),
(836, '622667', '借记卡', 303, 6, 16),
(837, '622669', '借记卡', 303, 6, 16),
(838, '622670', '借记卡', 303, 6, 16),
(839, '622671', '借记卡', 303, 6, 16),
(840, '622672', '借记卡', 303, 6, 16),
(841, '622668', '借记卡', 303, 6, 16),
(842, '622661', '借记卡', 303, 6, 16),
(843, '622674', '借记卡', 303, 6, 16),
(844, '90030', '借记卡', 303, 5, 16),
(845, '622673', '借记卡', 303, 6, 16),
(846, '620518', '借记卡', 303, 6, 16),
(847, '621489', '借记卡', 303, 6, 16),
(848, '621492', '借记卡', 303, 6, 16),
(849, '620535', '借记卡', 303, 6, 19),
(850, '623156', '借记卡', 303, 6, 16),
(851, '621490', '借记卡', 303, 6, 16),
(852, '621491', '借记卡', 303, 6, 16),
(853, '620085', '借记卡', 303, 6, 16),
(854, '623155', '借记卡', 303, 6, 16),
(855, '623157', '借记卡', 303, 6, 16),
(856, '623158', '借记卡', 303, 6, 16),
(857, '623159', '借记卡', 303, 6, 16),
(858, '622657', '贷记卡', 303, 6, 16),
(859, '622685', '贷记卡', 303, 6, 16),
(860, '622659', '贷记卡', 303, 6, 16),
(861, '622687', '贷记卡', 303, 6, 16),
(862, '625978', '贷记卡', 303, 6, 16),
(863, '625980', '贷记卡', 303, 6, 16),
(864, '625981', '贷记卡', 303, 6, 16),
(865, '625979', '贷记卡', 303, 6, 16),
(866, '356839', '贷记卡', 303, 6, 16),
(867, '356840', '贷记卡', 303, 6, 16),
(868, '406252', '贷记卡', 303, 6, 16),
(869, '406254', '贷记卡', 303, 6, 16),
(870, '425862', '贷记卡', 303, 6, 16),
(871, '481699', '贷记卡', 303, 6, 16),
(872, '524090', '贷记卡', 303, 6, 16),
(873, '543159', '贷记卡', 303, 6, 16),
(874, '622161', '贷记卡', 303, 6, 16),
(875, '622570', '贷记卡', 303, 6, 16),
(876, '622650', '贷记卡', 303, 6, 16),
(877, '622655', '贷记卡', 303, 6, 16),
(878, '622658', '贷记卡', 303, 6, 16),
(879, '625975', '贷记卡', 303, 6, 16),
(880, '625977', '贷记卡', 303, 6, 16),
(881, '628201', '贷记卡', 303, 6, 16),
(882, '628202', '贷记卡', 303, 6, 16),
(883, '625976', '贷记卡', 303, 6, 16),
(884, '625339', '贷记卡', 303, 6, 16),
(885, '622801', '贷记卡', 303, 6, 16),
(886, '999999', '借记卡', 304, 6, 16),
(887, '621222', '借记卡', 304, 6, 16),
(888, '623020', '借记卡', 304, 6, 16),
(889, '623021', '借记卡', 304, 6, 16),
(890, '623022', '借记卡', 304, 6, 16),
(891, '623023', '借记卡', 304, 6, 16),
(892, '622630', '借记卡', 304, 6, 16),
(893, '622631', '借记卡', 304, 6, 16),
(894, '622632', '借记卡', 304, 6, 16),
(895, '622633', '借记卡', 304, 6, 16),
(896, '523959', '贷记卡', 304, 6, 16),
(897, '528709', '贷记卡', 304, 6, 16),
(898, '539867', '贷记卡', 304, 6, 16),
(899, '539868', '贷记卡', 304, 6, 16),
(900, '622637', '贷记卡', 304, 6, 16),
(901, '622638', '贷记卡', 304, 6, 16),
(902, '628318', '贷记卡', 304, 6, 16),
(903, '528708', '贷记卡', 304, 6, 16),
(904, '622636', '贷记卡', 304, 6, 16),
(905, '625967', '贷记卡', 304, 6, 16),
(906, '625968', '贷记卡', 304, 6, 16),
(907, '625969', '贷记卡', 304, 6, 16),
(908, '622615', '借记卡', 305, 6, 16),
(909, '622616', '借记卡', 305, 6, 16),
(910, '622618', '借记卡', 305, 6, 16),
(911, '622622', '借记卡', 305, 6, 16),
(912, '622617', '借记卡', 305, 6, 16),
(913, '622619', '借记卡', 305, 6, 16),
(914, '415599', '借记卡', 305, 6, 16),
(915, '421393', '借记卡', 305, 6, 16),
(916, '421865', '借记卡', 305, 6, 16),
(917, '427570', '借记卡', 305, 6, 16),
(918, '427571', '借记卡', 305, 6, 16),
(919, '472067', '借记卡', 305, 6, 16),
(920, '472068', '借记卡', 305, 6, 16),
(921, '622620', '借记卡', 305, 6, 16),
(922, '621691', '借记卡', 305, 6, 16),
(923, '545392', '贷记卡', 305, 6, 16),
(924, '545393', '贷记卡', 305, 6, 16),
(925, '545431', '贷记卡', 305, 6, 16),
(926, '545447', '贷记卡', 305, 6, 16),
(927, '356859', '贷记卡', 305, 6, 16),
(928, '356857', '贷记卡', 305, 6, 16),
(929, '407405', '贷记卡', 305, 6, 16),
(930, '421869', '贷记卡', 305, 6, 16),
(931, '421870', '贷记卡', 305, 6, 16),
(932, '421871', '贷记卡', 305, 6, 16),
(933, '512466', '贷记卡', 305, 6, 16),
(934, '356856', '贷记卡', 305, 6, 16),
(935, '528948', '贷记卡', 305, 6, 16),
(936, '552288', '贷记卡', 305, 6, 16),
(937, '622600', '贷记卡', 305, 6, 16),
(938, '622601', '贷记卡', 305, 6, 16),
(939, '622602', '贷记卡', 305, 6, 16),
(940, '517636', '贷记卡', 305, 6, 16),
(941, '622621', '贷记卡', 305, 6, 16),
(942, '628258', '贷记卡', 305, 6, 16),
(943, '556610', '贷记卡', 305, 6, 16),
(944, '622603', '贷记卡', 305, 6, 16),
(945, '464580', '贷记卡', 305, 6, 16),
(946, '464581', '贷记卡', 305, 6, 16),
(947, '523952', '贷记卡', 305, 6, 16),
(948, '545217', '贷记卡', 305, 6, 16),
(949, '553161', '贷记卡', 305, 6, 16),
(950, '356858', '贷记卡', 305, 6, 16),
(951, '622623', '贷记卡', 305, 6, 16),
(952, '625911', '贷记卡', 305, 6, 16),
(953, '377152', '贷记卡', 305, 6, 15),
(954, '377153', '贷记卡', 305, 6, 15),
(955, '377158', '贷记卡', 305, 6, 15),
(956, '377155', '贷记卡', 305, 6, 15),
(957, '625912', '贷记卡', 305, 6, 16),
(958, '625913', '贷记卡', 305, 6, 16),
(959, '406365', '贷记卡', 306, 6, 16),
(960, '406366', '贷记卡', 306, 6, 16),
(961, '428911', '贷记卡', 306, 6, 16),
(962, '436768', '贷记卡', 306, 6, 16),
(963, '436769', '贷记卡', 306, 6, 16),
(964, '487013', '贷记卡', 306, 6, 16),
(965, '491032', '贷记卡', 306, 6, 16),
(966, '491034', '贷记卡', 306, 6, 16),
(967, '491035', '贷记卡', 306, 6, 16),
(968, '491036', '贷记卡', 306, 6, 16),
(969, '491037', '贷记卡', 306, 6, 16),
(970, '491038', '贷记卡', 306, 6, 16),
(971, '518364', '贷记卡', 306, 6, 16),
(972, '520152', '贷记卡', 306, 6, 16),
(973, '520382', '贷记卡', 306, 6, 16),
(974, '548844', '贷记卡', 306, 6, 16),
(975, '552794', '贷记卡', 306, 6, 16),
(976, '622555', '贷记卡', 306, 6, 16),
(977, '622556', '贷记卡', 306, 6, 16),
(978, '622557', '贷记卡', 306, 6, 16),
(979, '622558', '贷记卡', 306, 6, 16),
(980, '622559', '贷记卡', 306, 6, 16),
(981, '622560', '贷记卡', 306, 6, 16),
(982, '622568', '借记卡', 306, 6, 19),
(983, '528931', '贷记卡', 306, 6, 16),
(984, '9111', '借记卡', 306, 4, 19),
(985, '558894', '贷记卡', 306, 6, 16),
(986, '625072', '贷记卡', 306, 6, 16),
(987, '625071', '贷记卡', 306, 6, 16),
(988, '628260', '贷记卡', 306, 6, 16),
(989, '628259', '贷记卡', 306, 6, 16),
(990, '621462', '借记卡', 306, 6, 19),
(991, '625805', '贷记卡', 306, 6, 16),
(992, '625806', '贷记卡', 306, 6, 16),
(993, '625807', '贷记卡', 306, 6, 16),
(994, '625808', '贷记卡', 306, 6, 16),
(995, '625809', '贷记卡', 306, 6, 16),
(996, '625810', '贷记卡', 306, 6, 16),
(997, '685800', '贷记卡', 306, 6, 19),
(998, '620037', '预付费卡', 306, 6, 19),
(999, '6858000', '贷记卡', 306, 7, 19),
(1000, '6858001', '借记卡', 306, 7, 19),
(1001, '6858009', '借记卡', 306, 7, 19),
(1002, '623506', '借记卡', 306, 6, 19),
(1003, '412963', '借记卡', 307, 6, 16),
(1004, '415752', '借记卡', 307, 6, 16),
(1005, '415753', '借记卡', 307, 6, 16),
(1006, '622535', '借记卡', 307, 6, 16),
(1007, '622536', '借记卡', 307, 6, 16),
(1008, '622538', '借记卡', 307, 6, 16),
(1009, '622539', '借记卡', 307, 6, 16),
(1010, '998800', '借记卡', 307, 6, 16),
(1011, '412962', '借记卡', 307, 6, 16),
(1012, '622983', '借记卡', 307, 6, 16),
(1013, '620010', '预付费卡', 307, 6, 16),
(1014, '621626', '借记卡', 307, 6, 19),
(1015, '623058', '借记卡', 307, 6, 19),
(1016, '602907', '借记卡', 307, 6, 16),
(1017, '622986', '借记卡', 307, 6, 16),
(1018, '622989', '借记卡', 307, 6, 16),
(1019, '622298', '借记卡', 307, 6, 16),
(1020, '531659', '贷记卡', 307, 6, 16),
(1021, '622157', '贷记卡', 307, 6, 16),
(1022, '435744', '贷记卡', 307, 6, 16),
(1023, '435745', '贷记卡', 307, 6, 16),
(1024, '483536', '贷记卡', 307, 6, 16),
(1025, '622525', '贷记卡', 307, 6, 16),
(1026, '622526', '贷记卡', 307, 6, 16),
(1027, '998801', '贷记卡', 307, 6, 16),
(1028, '998802', '贷记卡', 307, 6, 16),
(1029, '528020', '贷记卡', 307, 6, 16),
(1030, '622155', '贷记卡', 307, 6, 16),
(1031, '622156', '贷记卡', 307, 6, 16),
(1032, '526855', '贷记卡', 307, 6, 16),
(1033, '356869', '贷记卡', 307, 6, 16),
(1034, '356868', '贷记卡', 307, 6, 16),
(1035, '625360', '贷记卡', 307, 6, 16),
(1036, '625361', '贷记卡', 307, 6, 16),
(1037, '628296', '贷记卡', 307, 6, 16),
(1038, '625825', '贷记卡', 307, 6, 16),
(1039, '625823', '贷记卡', 307, 6, 16),
(1040, '627069', '借记卡', 307, 6, 16),
(1041, '627068', '借记卡', 307, 6, 16),
(1042, '627066', '借记卡', 307, 6, 16),
(1043, '627067', '借记卡', 307, 6, 16),
(1101, '356885', '贷记卡', 308, 6, 16),
(1102, '356886', '贷记卡', 308, 6, 16),
(1103, '356887', '贷记卡', 308, 6, 16),
(1104, '356888', '贷记卡', 308, 6, 16),
(1105, '356890', '贷记卡', 308, 6, 16),
(1106, '402658', '借记卡', 308, 6, 16),
(1107, '410062', '借记卡', 308, 6, 16),
(1108, '439188', '贷记卡', 308, 6, 16),
(1109, '439227', '贷记卡', 308, 6, 16),
(1110, '468203', '借记卡', 308, 6, 16),
(1111, '479228', '贷记卡', 308, 6, 16),
(1112, '479229', '贷记卡', 308, 6, 16),
(1113, '512425', '借记卡', 308, 6, 16),
(1114, '521302', '贷记卡', 308, 6, 16),
(1115, '524011', '借记卡', 308, 6, 16),
(1116, '356889', '贷记卡', 308, 6, 16),
(1117, '545620', '贷记卡', 308, 6, 16),
(1118, '545621', '贷记卡', 308, 6, 16),
(1119, '545947', '贷记卡', 308, 6, 16),
(1120, '545948', '贷记卡', 308, 6, 16),
(1121, '552534', '贷记卡', 308, 6, 16),
(1122, '552587', '贷记卡', 308, 6, 16),
(1123, '622575', '贷记卡', 308, 6, 16),
(1124, '622576', '贷记卡', 308, 6, 16),
(1125, '622577', '贷记卡', 308, 6, 16),
(1126, '622579', '贷记卡', 308, 6, 16),
(1127, '622580', '借记卡', 308, 6, 16),
(1128, '545619', '贷记卡', 308, 6, 16),
(1129, '622581', '贷记卡', 308, 6, 16),
(1130, '622582', '贷记卡', 308, 6, 16),
(1131, '622588', '借记卡', 308, 6, 16),
(1132, '622598', '借记卡', 308, 6, 16),
(1133, '622609', '借记卡', 308, 6, 16),
(1134, '690755', '借记卡', 308, 6, 15),
(1135, '95555', '借记卡', 308, 5, 16),
(1136, '545623', '贷记卡', 308, 6, 16),
(1137, '621286', '借记卡', 308, 6, 16),
(1138, '620520', '预付费卡', 308, 6, 19),
(1139, '621483', '借记卡', 308, 6, 16),
(1140, '621485', '借记卡', 308, 6, 16),
(1141, '621486', '借记卡', 308, 6, 16),
(1142, '628290', '贷记卡', 308, 6, 16),
(1143, '622578', '贷记卡', 308, 6, 16),
(1144, '370285', '贷记卡', 308, 6, 15),
(1145, '370286', '贷记卡', 308, 6, 15),
(1146, '370287', '贷记卡', 308, 6, 15),
(1147, '370289', '贷记卡', 308, 6, 15),
(1148, '439225', '贷记卡', 308, 6, 16),
(1149, '518710', '贷记卡', 308, 6, 16),
(1150, '518718', '贷记卡', 308, 6, 16),
(1151, '628362', '贷记卡', 308, 6, 16),
(1152, '439226', '贷记卡', 308, 6, 16),
(1153, '628262', '贷记卡', 308, 6, 16),
(1154, '625802', '贷记卡', 308, 6, 16),
(1155, '625803', '贷记卡', 308, 6, 16),
(1156, '621299', '借记卡', 308, 6, 16),
(1257, '90592', '借记卡', 309, 5, 16),
(1258, '966666', '借记卡', 309, 6, 18),
(1259, '622909', '借记卡', 309, 6, 18),
(1260, '622908', '借记卡', 309, 6, 18),
(1261, '438588', '借记卡', 309, 6, 18),
(1262, '438589', '借记卡', 309, 6, 18),
(1263, '461982', '贷记卡', 309, 6, 16),
(1264, '486493', '贷记卡', 309, 6, 16),
(1265, '486494', '贷记卡', 309, 6, 16),
(1266, '486861', '贷记卡', 309, 6, 16),
(1267, '523036', '贷记卡', 309, 6, 16),
(1268, '451289', '贷记卡', 309, 6, 16),
(1269, '527414', '贷记卡', 309, 6, 16),
(1270, '528057', '贷记卡', 309, 6, 16),
(1271, '622901', '贷记卡', 309, 6, 16),
(1272, '628212', '贷记卡', 309, 6, 16),
(1273, '451290', '贷记卡', 309, 6, 16),
(1274, '524070', '贷记卡', 309, 6, 16),
(1275, '625084', '贷记卡', 309, 6, 16),
(1276, '625085', '贷记卡', 309, 6, 16),
(1277, '625086', '贷记卡', 309, 6, 16),
(1278, '625087', '贷记卡', 309, 6, 16),
(1279, '548738', '贷记卡', 309, 6, 16),
(1280, '549633', '贷记卡', 309, 6, 16),
(1281, '552398', '贷记卡', 309, 6, 16),
(1282, '625082', '贷记卡', 309, 6, 16),
(1283, '625083', '贷记卡', 309, 6, 16),
(1284, '625960', '贷记卡', 309, 6, 16),
(1285, '625961', '贷记卡', 309, 6, 16),
(1286, '625962', '贷记卡', 309, 6, 16),
(1287, '625963', '贷记卡', 309, 6, 16),
(1288, '621245', '借记卡', 309, 6, 16),
(1346, '356851', '贷记卡', 310, 6, 16),
(1347, '356852', '贷记卡', 310, 6, 16),
(1348, '404738', '贷记卡', 310, 6, 16),
(1349, '404739', '贷记卡', 310, 6, 16),
(1350, '456418', '贷记卡', 310, 6, 16),
(1351, '498451', '贷记卡', 310, 6, 16),
(1352, '515672', '贷记卡', 310, 6, 16),
(1353, '356850', '贷记卡', 310, 6, 16),
(1354, '517650', '贷记卡', 310, 6, 16),
(1355, '525998', '贷记卡', 310, 6, 16),
(1356, '622177', '贷记卡', 310, 6, 16),
(1357, '622277', '贷记卡', 310, 6, 16),
(1358, '622516', '借记卡', 310, 6, 16),
(1359, '622518', '借记卡', 310, 6, 16),
(1360, '622520', '准贷记卡', 310, 6, 16),
(1361, '622521', '借记卡', 310, 6, 16),
(1362, '622522', '借记卡', 310, 6, 16),
(1363, '622523', '借记卡', 310, 6, 16),
(1364, '628222', '贷记卡', 310, 6, 16),
(1365, '84301', '借记卡', 310, 5, 16),
(1366, '84336', '借记卡', 310, 5, 16),
(1367, '84373', '借记卡', 310, 5, 16),
(1368, '628221', '贷记卡', 310, 6, 16),
(1369, '84385', '借记卡', 310, 5, 16),
(1370, '84390', '借记卡', 310, 5, 16),
(1371, '87000', '借记卡', 310, 5, 16),
(1372, '87010', '借记卡', 310, 5, 16),
(1373, '87030', '借记卡', 310, 5, 16),
(1374, '87040', '借记卡', 310, 5, 16),
(1375, '84380', '借记卡', 310, 5, 16),
(1376, '984301', '借记卡', 310, 6, 16),
(1377, '984303', '借记卡', 310, 6, 16),
(1378, '84361', '借记卡', 310, 5, 16),
(1379, '87050', '借记卡', 310, 5, 16),
(1380, '622176', '贷记卡', 310, 6, 16),
(1381, '622276', '贷记卡', 310, 6, 16),
(1382, '622228', '贷记卡', 310, 6, 16),
(1383, '621352', '借记卡', 310, 6, 16),
(1384, '621351', '借记卡', 310, 6, 16),
(1385, '621390', '借记卡', 310, 6, 16),
(1386, '621792', '借记卡', 310, 6, 16),
(1387, '625957', '贷记卡', 310, 6, 16),
(1388, '625958', '贷记卡', 310, 6, 16),
(1389, '621791', '借记卡', 310, 6, 16),
(1390, '84342', '借记卡', 310, 5, 16),
(1391, '620530', '预付费卡', 310, 6, 19),
(1392, '625993', '贷记卡', 310, 6, 16),
(1393, '622519', '准贷记卡', 310, 6, 16),
(1394, '621793', '借记卡', 310, 6, 16),
(1395, '621795', '借记卡', 310, 6, 16),
(1396, '621796', '借记卡', 310, 6, 16),
(1397, '622500', '贷记卡', 310, 6, 16),
(1398, '625971', '贷记卡', 310, 6, 16),
(1399, '625970', '贷记卡', 310, 6, 16),
(1400, '377187', '贷记卡', 310, 6, 15),
(1401, '625831', '贷记卡', 310, 6, 16),
(1413, '621019', '借记卡', 316, 6, 19),
(1414, '6223091100', '借记卡', 316, 10, 19),
(1415, '6223092900', '借记卡', 316, 10, 19),
(1416, '6223093310', '借记卡', 316, 10, 19),
(1417, '6223093320', '借记卡', 316, 10, 19),
(1418, '6223093330', '借记卡', 316, 10, 19),
(1419, '6223093370', '借记卡', 316, 10, 19),
(1420, '6223093380', '借记卡', 316, 10, 19),
(1421, '6223096510', '借记卡', 316, 10, 19),
(1422, '6223097910', '借记卡', 316, 10, 19),
(1423, '421317', '借记卡', 403, 6, 16),
(1424, '602969', '借记卡', 403, 6, 16),
(1425, '621030', '借记卡', 403, 6, 16),
(1426, '621420', '借记卡', 403, 6, 16),
(1427, '621468', '借记卡', 403, 6, 16),
(1428, '623111', '借记卡', 403, 6, 16),
(1429, '422160', '借记卡', 403, 6, 16),
(1430, '422161', '借记卡', 403, 6, 16),
(1431, '522001', '贷记卡', 403, 6, 16),
(1432, '622163', '贷记卡', 403, 6, 16),
(1433, '622853', '贷记卡', 403, 6, 16),
(1434, '628203', '贷记卡', 403, 6, 16),
(1435, '622851', '贷记卡', 403, 6, 16),
(1436, '622852', '贷记卡', 403, 6, 16),
(1437, '622877', '借记卡', 440, 6, 19),
(1438, '622879', '借记卡', 440, 6, 19),
(1439, '621775', '借记卡', 440, 6, 19),
(1440, '623203', '借记卡', 440, 6, 19),
(1441, '603601', '借记卡', 440, 6, 17),
(1442, '622137', '借记卡', 440, 6, 17),
(1443, '622327', '借记卡', 440, 6, 17),
(1444, '622340', '借记卡', 440, 6, 17),
(1445, '622366', '借记卡', 440, 6, 17),
(1446, '628251', '贷记卡', 440, 6, 16),
(1447, '622651', '贷记卡', 440, 6, 16),
(1448, '625828', '贷记卡', 440, 6, 16),
(1449, '625652', '贷记卡', 440, 6, 16),
(1450, '625700', '贷记卡', 440, 6, 16);

CREATE TABLE IF NOT EXISTS `ConfigEbank` (
  `bankId` int(4) NOT NULL,
  `typePersonal` tinyint(1) NOT NULL DEFAULT '0' COMMENT '支持个人为1',
  `typeBusiness` tinyint(1) NOT NULL DEFAULT '0' COMMENT '支持企业为1',
  `isDisabled` tinyint(1) NOT NULL DEFAULT '0' COMMENT '是否禁用0否',
  `singleLimit` decimal(14,2) NOT NULL COMMENT '单次限额',
  `dailyLimit` decimal(14,2) NOT NULL COMMENT '单日限额',
  PRIMARY KEY (`bankId`)
) ENGINE=InnoDB DEFAULT CHARSET=utf8;

INSERT INTO `ConfigEbank` (`bankId`, `typePersonal`, `typeBusiness`, `isDisabled`, `singleLimit`, `dailyLimit`) VALUES
(14, 0, 0, 0, 500000.00, 50000000.00),
(17, 0, 0, 0, 500000.00, 50000000.00),
(19, 0, 0, 0, 500000.00, 50000000.00),
(23, 0, 0, 0, 500000.00, 50000000.00),
(24, 0, 0, 0, 500000.00, 50000000.00),
(100, 1, 1, 0, 500000.00, 50000000.00),
(102, 1, 1, 0, 500000.00, 50000000.00),
(103, 1, 1, 0, 500000.00, 50000000.00),
(104, 1, 1, 0, 500000.00, 50000000.00),
(105, 1, 1, 0, 500000.00, 50000000.00),
(301, 1, 1, 0, 500000.00, 50000000.00),
(302, 1, 1, 0, 500000.00, 50000000.00),
(303, 1, 1, 0, 500000.00, 50000000.00),
(304, 1, 1, 0, 500000.00, 50000000.00),
(305, 1, 1, 0, 500000.00, 50000000.00),
(306, 1, 1, 0, 500000.00, 50000000.00),
(307, 0, 0, 0, 500000.00, 50000000.00),
(308, 1, 1, 0, 500000.00, 50000000.00),
(309, 1, 1, 0, 500000.00, 50000000.00),
(310, 1, 1, 0, 500000.00, 50000000.00),
(316, 0, 0, 0, 500000.00, 50000000.00),
(403, 1, 1, 0, 500000.00, 50000000.00),
(440, 0, 0, 0, 500000.00, 50000000.00);

CREATE TABLE IF NOT EXISTS `ConfigQpay` (
  `bankId` int(4) NOT NULL,
  `isDisabled` tinyint(1) NOT NULL DEFAULT '0' COMMENT '是否禁用0否1是',
  `singleLimit` decimal(14,2) NOT NULL COMMENT '单次限额',
  `dailyLimit` decimal(14,2) NOT NULL COMMENT '单日限额',
  PRIMARY KEY (`bankId`)
) ENGINE=InnoDB DEFAULT CHARSET=utf8;

INSERT INTO `ConfigQpay` (`bankId`, `isDisabled`, `singleLimit`, `dailyLimit`) VALUES
(14, 1, 500000.00, 50000000.00),
(17, 1, 500000.00, 50000000.00),
(19, 1, 500000.00, 50000000.00),
(23, 1, 500000.00, 50000000.00),
(24, 1, 500000.00, 50000000.00),
(100, 0, 50000.00, 50000.00),
(102, 0, 50000.00, 50000.00),
(103, 0, 50000.00, 50000.00),
(104, 0, 50000.00, 200000.00),
(105, 0, 50000.00, 200000.00),
(301, 0, 50000.00, 50000.00),
(302, 0, 50000.00, 200000.00),
(303, 0, 50000.00, 50000.00),
(304, 0, 50000.00, 50000.00),
(305, 0, 50000.00, 200000.00),
(306, 0, 50000.00, 200000.00),
(307, 0, 50000.00, 200000.00),
(308, 0, 50000.00, 50000.00),
(309, 0, 50000.00, 50000.00),
(310, 0, 50000.00, 50000.00),
(316, 1, 500000.00, 50000000.00),
(403, 1, 500000.00, 50000000.00),
(440, 1, 500000.00, 50000000.00);

